{"alyxstudio.com": "1017 Alyx 9SM", "isseymiyake.com": "132 5. Issey Miyake", "7forallmankind.com": "7 For All Mankind", "aaksonline.com": "A A K S", "apeacetreaty.com": "A Peace Treaty", "abch.world": "A.BCH", "livefashionable.com": "Able", "aceandjig.com": "Ace & Jig", "adidas.com": "Adidas", "adrenna.co.uk": "Adrenna", "aeropostale.com": "Aeropostale", "afends.com": "Afends", "agjeans.com": "AG Jeans", "agnelle.com": "Agnelle", "agnesb.us": "Agnes B.", "theahimsacollective.com": "Ahimsa Collective", "aimeekent.com": "Aimee Kent", "airwalk.com": "Airwalk", "akolaproject.com": "Akola Project", "aldoshoes.com": "Aldo", "alexandermcqueen.com": "Alexander McQueen", "aliceandolivia.com": "Alice & Olivia", "alicemccall.com": "Alice McCall", "alkemiejewelry.com": "Alkemie", "allblues.se": "All Blues", "allthewildroses.com": "All the Wild Roses", "allthingsmochi.com": "All Things Mochi", "allbirds.com": "Allbirds", "allisonparris.com": "Allison Parris", "us.allsaints.com": "AllSaints", "shop.allsisters.com": "allSisters", "allyfashion.com": "Ally Fashion", "aloyoga.com": "Alo", "alterfashion.co.uk": "Alter Fashion", "alternativeapparel.com": "Alternative Apparel", "ambramaddalena.com": "Ambra Maddalena", "americanapparel.com": "American Apparel", "ae.com": "American Eagle", "americanrag.com": "American Rag", "americanvintage-store.com": "American Vintage", "amourvert.com": "Amour Vert", "amur.com": "AMUR", "ananlondree.com": "an an londree", "andcomfort.com": "And Comfort", "andless.dk": "And Less", "andressarda.com": "Andres Sarda", "weareanimalbehavior.com": "Animal Behavior", "anitako.com": "Anita Ko", "annsummers.com": "Ann Summers", "anntaylor.com": "Ann Taylor", "anndraneen.com": "Anndra Neen", "aquazzura.com": "Aquazzura", "araks.com": "Araks", "aranaz.ph": "Aranaz", "archapparel.com": "arch 4", "shop-arielle.com": "ARIELLE", "aritzia.com": "Aritzia", "shop-arkins.com": "Arkins", "armani.com": "Armani", "armedangels.de": "Armedangels", "arnhem.co": "Arnhem", "arnsdorf.com.au": "Arnsdorf", "ash.com": "Ash", "ashandrose.com": "Ash & Rose", "asics.com": "Asics", "asos.com": "Asos", "assemblylabel.com": "Assembly Label", "assyalondon.com": "Assya London", "astleyclarke.com": "Astley Clarke", "atelierswarovski.com": "Atelier Swarovski", "aubade.eu": "AUBADE", "autographfashion.com.au": "Autograph", "awarethesocialdesignproject.com.au": "Aware...the social design project", "awaveawake.com": "Awave Awake", "aytengasson.com": "Ayten Gasson", "azleejewelry.com": "Azlee", "baggu.com": "Baggu", "bakari.es": "BAKARI", "balenciaga.com": "Balenciaga", "bally.com": "Bally", "bananamoon.com": "Banana Moon", "bananarepublic.gap.com": "Banana Republic", "bananarepublicfactory.com": "Banana Republic", "barbaraigongini.com": "BARBARA I GONGINI", "bardot.com": "Bardot", "bario-neal.com": "Bario Neal", "us.bassike.com": "Bassike", "batoko.com": "Batoko", "baukjen.com": "Baukjen", "beaumontorganic.com": "Beaumont Organic", "bebe.com": "bebe", "beginningboutique.com": "Beginning Boutique", "bellerose.be": "Bellerose", "bensherman.com": "Ben Sherman", "bensimon.com": "Bensimon", "berlei.com": "Berlei", "bershka.com": "Bershka", "bestform.com": "Bestform", "betts.com.au": "Betts", "beyond-skin.com": "Beyond Skin", "bhavastudio.com": "Bhava", "bhumi.com.au": "Bhumi", "biancaspender.com": "Bianca Spender", "bibico.co.uk": "Bibico", "www.bigw.com.au": "Big W", "billabong.com": "Billabong", "bimbaylola.com": "BIMBA Y LOLA", "birdsong.london": "Birdsong", "birkenstock.com": "Birkenstock", "bisleyworkwear.co.nz": "Bisley", "bitebeauty.com": "BITE", "bjornborg.com": "Bjorn Borg", "blackmilkclothing.com": "BlackMilk Clothing", "blueillusion.com": "Blue Illusion", "bodenusa.com": "Boden", "bonaparteshop.com": "BON'A PARTE", "bonds.com.au": "Bonds", "boobdesign.com": "Boob", "boodywear.com": "Boody", "us.boohoo.com": "Boohoo", "boomshankar.com.au": "Boom Shankar", "bottegaveneta.com": "Bottega Veneta", "bboheme.com": "Bourgeois Boheme", "brandymelvilleusa.com": "Brandy Melville", "brasnthings.com": "Bras N Things", "bravissimo.com": "Bravissimo", "thebrelli.com": "Brelli", "brooksbrothers.com": "Brooks Brothers", "brothervellies.com": "Brother Vellies", "brotherswestand.com": "Brothers We Stand", "brunotti.com": "Brunotti", "us.burberry.com": "Burberry", "burton.com": "Burton", "byfar.com": "by FAR", "bywalid.co.uk": "By Walid", "byem.com": "BYEM", "byoung.com": "b.young", "bzees.com": "BZees", "c-and-a.com": "C&A", "cache-cache.com": "Cache Cache", "caftanii.it": "CAFTANII", "callawayapparel.com": "Callaway", "calvinklein.us": "Calvin Klein", "us.calzedonia.com": "Calzedonia", "camelactive.de": "camel active", "campdavid.com": "Camp David", "camper.com": "Camper", "carcel.co": "Carcel", "carhartt.com": "Carhartt", "cariuma.com": "Cariuma", "carlieballard.com": "Carlie Ballard", "carminacampus.com": "Carmina Campus", "carpasus.com": "CARPASUS", "carriehoffman.com": "Carrie Hoffman", "castro.com": "Castro", "catfootwear.com": "Cat Footwear", "catherines.com": "Catherines", "catrinka.com": "Catrinka", "celine.com": "Celine", "cfconcept.com": "CF Concept", "champion.com": "Champion", "chanel.com": "Chanel", "us.chantelle.com": "Chantelle", "charlotterusse.com": "Charlotte Russe", "chichiclothing.com": "Chi Chi London", "chicmadeconsciously.com": "Chic Made Consciously", "chicos.com": "Chico's", "us.chintiandparker.com": "Chinti & Parker", "chloe.com": "Chloe", "chloegosselin.com": "Chloe Gosselin", "chopard.com": "Chopard", "christinakraemer.com": "Christina Kramer", "raeburndesign.co.uk": "RAEBURN", "christydawn.com": "Christy Dawn", "chufy.com": "Chufy", "citizenwolf.com": "Citizen Wolf", "citizensmark.com": "Citizen's Mark", "citizensofhumanity.com": "Citizens of Humanity", "citychiconline.com": "City Chic", "cks-fashion.com": "CKS", "cladandcloth.com": "CLAD & CLOTH", "clarev.com": "Clare Vivier", "clarksusa.com": "Clarks", "claudiastrater.com": "Claudia Strater", "closed.com": "CLOSED", "coastapparel.com": "Coast", "coclico.com": "Coclico", "colehaan.com": "Cole Haan", "colette.fr": "Colette", "collinastrada.com": "Collina Strada", "columbia.com": "Columbia", "comma-store.eu": "comma", "converse.com": "Converse", "corinnecollection.com": "Corinne", "cortefiel.com": "Cortefiel", "cosstores.com": "COS", "cosmoparis.com": "Cosmoparis", "costesfashion.com": "Costes", "cottonon.com": "Cotton On", "countryroad.com": "Country Road", "courir.com": "Courir", "cream-clothing.com": "Cream", "crocs.com": "Crocs", "crossroadstrading.com": "Crossroads", "cue.cc": "Cue", "cupshe.com": "Cupshe", "cuyana.com": "Cuyana", "cyrillus.com": "Cyrillus", "daisyknights.com": "Daisy Knights", "davidjones.com": "David Jones", "deadwoodstudios.com": "DEADWOOD", "dearborndenim.us": "Dearborn Denim", "debenhams.com": "Debenhams", "decathlon.com": "Decathlon", "delikaterayne.com": "Delikate Rayne", "demellierlondon.com": "DeMellier", "derhy.com": "Derhy", "despetitshauts.com": "Des Petites Hauts", "desigual.com": "Desigual", "devernois.com": "Devernois", "dharmabums.com.au": "Dharma Bums", "diamondfoundry.com": "Diamond Foundry", "dianaferrari.com.au": "Diana Ferrari", "dvf.com": "Diane von Furstenberg (DVF)", "shop.diesel.com": "Diesel", "dior.com": "Dior", "districtvision.com": "District Vision", "djangoandjuliette.com.au": "Django & Juliette", "donnakaran.com": "DKNY", "dl1961.com": "DL1961", "dockers.com": "Dockers", "shopdoen.com": "DOEN", "dollskill.com": "Dolls Kill", "doloreshaze.com": "Dolores Haze", "us.dorothyperkins.com": "Dorothy Perkins", "dorsu.org": "Dorsu", "dotti.com.au": "Dotti", "drmartens.com": "Dr. Martens", "drschollsshoes.com": "Dr. Scholls Shoes", "dressbarn.com": "Dressbarn", "dubarry.com/‎": "Dubarry", "duluthtrading.com": "Duluth Trading", "dunelondon.com": "Dune London", "eaglecreek.com": "Eagle Creek", "eastpak.com": "Eastpak", "us.ecco.com": "ECCO", "eckhauslatta.com": "Eckhaus Latta", "ecoalf.com": "Ecoalf", "edhardyoriginals.com": "Ed Hardy", "eddiebauer.com": "Eddie Bauer", "thisiseden.jewelry": "Eden Ministry", "edgeofember.com": "Edge of Ember", "edwardcrutchley.com": "Edward Crutchley", "eggie.us": "Eggie", "eileenfisher.com": "Eileen Fisher", "eksempel.com": "Eksempel", "electricfeathers.com": "Electric Feathers", "elegantees.com": "Elegantees", "elementbrand.com": "Element", "elementbrand.com.au": "Element", "elenabobysheva.com": "Elena Bobysheva", "elevenparis.com": "Eleven Paris", "elizabethsuzann.com": "Elizabeth Suzann", "us.elkthelabel.com": "Elk", "elkacollective.com": "Elka Collective", "ella-fashion.com": "EllA Fashion", "elleevansofficial.com": "Elle Evans", "ellesse.com": "Ellesse", "elliss.co.uk": "Elliss", "elvisandkresse.com": "Elvis & Kresse", "emiliopucci.com": "Emilio Pucci", "encircled.co": "Encircled", "envii.com": "Envii", "equusleather.co.uk": "Equus", "erdem.com": "Erdem", "escada.com": "Escada", "esprit.com": "Esprit", "essentiel-antwerp.com": "Essentiel Antwerp", "int.etam.com": "Etam", "eternalcreation.com": "Eternal Creation", "etiko.com.au": "Etiko", "evafehren.com": "Eva Fehren", "evameva.com": "Evam Eva", "everlast.com": "Everlast", "fabletics.com": "Fabletics", "factorie.com.au": "Factorie", "faguo-store.com": "FAGUO", "fairindigo.com": "Fair Indigo", "famousfootwear.com": "Famous Footwear", "fantasie.com": "Fantasie", "fashionnova.com": "Fashion Nova", "fauxgerty.com": "Fauxgerty", "usa.frenchconnection.com": "Fcuk", "fendi.com": "Fendi", "fhchristensen.london": "FH Christensen", "figue.com": "Figue", "usa.finisterre.com": "Finisterre", "fitflop.com": "FitFlop", "fjallraven.com": "Fjallraven", "en.flamingoslife.com": "Flamingos' Life", "folkloore.com": "FOLKLOORE", "forcast.com.au": "Forcast", "forever21.com": "Forever 21", "forevernew.com.au": "Forever New", "fossil.com": "Fossil", "francescas.com": "Francesca's", "fredperry.com": "Fred Perry", "freyalingerie.com": "Freya Lingerie and Swimwear", "welovefrugi.com": "Frugi", "fruit.com": "Fruit Of The Loom", "ftlaapparel.com": "FTLA Apparel", "funkykalakar.global": "Funky Kalakar", "furla.com": "Furla", "futurajewelry.com": "FUTURA JEWELRY", "gviteri.com": "G Viteri", "galerieslafayette.com": "Galeries Lafayette", "gap.com": "GAP", "gate.shop": "GATE", "georgjensen.com": "Georg Jensen", "geox.com": "Geox", "gestuz.com": "Gestuz", "ghanda.com": "Ghanda", "ghost.co.uk": "Ghost", "gingerandsmart.com": "Ginger & Smart", "girlfriend.com": "Girlfriend Collective", "givenchy.com": "Givenchy", "glamorous.com": "Glamorous", "glassons.com": "Glassons", "gmbhgmbh.eu": "GmbH", "goasur.com": "go as u.r", "gosport-me.com": "Go Sport", "groupegosport.com": "Go Sport", "golddustdresses.com": "GoldDust Dresses", "goodamerican.com": "Good American", "good-guys.com": "Good Guys", "goodkrama.com": "Good Krama", "gormanshop.com.au": "Gorman", "graine.com.au": "Graine", "gramicci.com": "Gramicci", "grana.com": "Grana", "grand-slam.com": "Grand Slam", "greenfibres.com": "Greenfibres", "grosby.com.au": "Grosby", "gucci.com": "Gucci", "shop.guess.com": "Guess Inc", "gunasthebrand.com": "GUNAS", "gymshark.com": "Gymshark", "hm.com": "H&M", "behandpicked.com": "Hand Picked", "hanes.com": "Hanes", "shop.hanrousa.com": "Hanro", "hansine.co": "Hansine", "happysocks.com": "Happy Socks", "us.havaianas.com": "Havaianas", "hawesandcurtis.com": "Hawes & Curtis", "hedgren.com": "Hedgren", "hellyhansen.com": "Helly Hansen", "hema.com": "Hema", "henribendel.com": "Henri Bendel", "hermes.com": "Hermes", "hestia.com.au": "Hestia", "hobbs.com": "Hobbs", "hokaoneone.com": "Hoka One One", "hollyryan.com.au": "Holly Ryan", "myhoneypunch.com": "Honey Punch", "hopeandivy.co.uk": "Hope & Ivy", "hotsox.com": "Hot Sox", "houghtonnyc.com": "Houghton", "houseofcb.com": "House of CB", "huaywasi.com": "Huaywasi", "hugoboss.com": "Hugo Boss", "shophumanoid.com": "Humanoid", "humphreylaw.com.au": "Humphrey Law", "hurley.com": "Hurley", "hushpuppies.com": "Hush Puppies", "iamgia.com": "I.AM.GIA", "icebreaker.com": "Icebreaker", "us.inthestyle.com": "In The Style", "indegoafrica.org": "Indego Africa", "indigenous.com": "Indigenous", "innikachoo.com": "Innika Choo", "intermixonline.com": "Intermix", "intimissimi.com": "Intimissimi", "ipanemausa.com": "Ipanema", "isabelmarant.com": "Isabel Marant", "ishka.com.au": "ISHKA", "isotoner.com": "Isotoner", "ivy-oak.com": "IVY & OAK", "izod.partnerbrands.com": "IZOD", "nicklaus.com": "Jack Nicklaus", "jacquielawson.com": "Jacqui E", "jaeger.co.uk": "Jaeger", "jakes.de": "Jake*s", "jansport.com": "JanSport", "jantzen.com": "Jantzen", "jayjays.com.au": "Jay Jays", "jcrew.com": "J.Crew", "jenniferfisherjewelry.com": "Jennifer Fisher", "jenniferzeuner.com": "Jennifer Zeuner", "jerome-dreyfuss.com": "Jerome Dreyfuss", "jigsaw-online.com": "Jigsaw", "jilsander.com": "Jil Sander Navy", "us.jimmychoo.com": "Jimmy Choo", "jockey.com": "Jockey", "johnlewis.com": "John Lewis", "johnstonsofelgin.com": "Johnstons of Elgin", "joie.com": "Joie", "jonak-paris.com": "Jonak", "joulesusa.com": "Joules", "jumpclothing.com.au": "Jump", "jungmaven.com": "Jungmaven", "justcavalli.com": "Just Cavalli", "justfemale.com": "JUST FEMALE", "justjeans.com.au": "Just Jeans", "justmysize.com": "Just My Size", "jyoti-fairworks.org": "Jyoti - Fair Works", "k-way-usa.com": "K-Way", "kachel.com.au": "Kachel", "kaffe-clothing.com": "Kaffe", "kalaurie.com.au": "Kalaurie", "karenmillen.com": "Karen Millen", "karenwalker.com": "Karen Walker", "karllagerfeldparis.com": "Karl Lagerfeld", "karrimor.com": "karrimor", "katespade.com": "Kate Spade", "katesylvester.com": "Kate Sylvester", "katharinehamnett.com": "Katharine Hamnett", "kathmandu.com.au": "Kathmandu", "katies.com.au": "Katies", "katriensmets.com": "Katrien Smets", "kayserlingerie.com.au": "Kayser", "shop.kayudesign.com": "Kayu", "kenzo.com": "Kenzo", "kickers.com": "Kickers", "killstar.com": "Killstar", "kimai.co": "Kimai", "kingsofindigo.com": "Kings of Indigo", "kirrinfinch.com": "Kirrin Finch", "kitx.com.au": "KITX", "klattermusen.com": "Klattermusen", "kllercollection.com": "K/ller Jewelry", "kmart.com.au": "KMART Australia", "knowtheorigin.com": "Know The Origin", "komodo.online": "Komodo", "kotn.com": "Kotn", "us.kowtowclothing.com": "Kowtow", "kristinit.com": "Kristinit", "kseniaschnaider.com": "KSENIASCHNAIDER", "kustomfootwear.com.au": "Kustom", "kuwaii.com.au": "Kuwaii", "lacalifornienne.com": "La Californienne", "lafilledo.com": "la fille d'O", "lahalle.com": "La Halle", "laperla.com": "La Perla", "laredoute.com": "La Redoute", "larelaxed.com": "LA Relaxed", "lasenza.com": "La Senza", "lavieenrose.com": "La Vie en Rose", "labante.com": "LaBante", "laceandbeads.co.uk": "Lace & Beads", "lacoste.com": "Lacoste", "lafuma.com": "Lafuma", "lalaberlin.com": "Lala Berlin", "lancel.com": "Lancel", "lanebryant.com": "Lane Bryant", "lanius.com": "LANIUS", "laudae.com": "Laudae", "laundrybyshellisegal.com": "Laundry by Shelli Segal", "lauratlombardi.com": "Laura Lombardi", "laurasiegelcollection.com": "Laura Siegel Collection", "laurencetavernier.fr": "Laurence Tavernier", "lautemofficial.com": "Lautem", "lavishalice.com": "lavish alice", "lechateau.com": "Le Chateau", "lecoqsportif.com": "le coq sportif", "lekilt.co.uk": "Le Kilt", "letanneur.com": "Le Tanneur", "leafysouls.com": "Leafy Souls", "us.leemathews.com.au": "Lee Matthews", "leftedit.com": "Left Edit", "lemlem.com": "lemlem", "leonandharper.com": "Leon & Harper", "lestropeziennes.fr": "Les Tropeziennes par M Belarbi", "level99jeans.com": "Level 99 Jeans", "levi.com": "Levi's", "lhnwear.com": "LHN", "liewood.com": "Liewood", "lilianvontrapp.com": "Lilian von Trapp", "liminal.org.nz": "Liminal", "lindex.com": "Lindex", "lineafashion.com": "Linea", "liquornpoker.co.uk": "Liquor N Poker", "littleriversockmill.com": "Little River Sock Mill", "littleyellowbird.co.nz": "Little Yellow Bird", "lkbennett.com": "L.K. Bennett", "llbean.com": "L.L. Bean", "lnbfshop.com": "LNBF", "loavies.com": "Loavies", "loewe.com": "Loewe", "loft.com": "Loft", "loishazel.com": "Lois Hazel", "lonelylabel.com": "Lonely Lingerie", "lonsdale.com": "Lonsdale", "lost-ink.co.uk": "Lost Ink", "us.christianlouboutin.com": "Louboutin", "lovbirddesign.com": "Lovbird Design", "moschino.com": "Love Moschino", "ltbjeans.com": "LTB", "lucyandyak.com": "Lucy & Yak", "luismorais.com": "Luis Morais", "shop.lululemon.com": "Lululemon", "luvahuva.co.uk": "Luva Huva", "macpac.co.nz": "Macpac", "madewell.com": "Madewell", "maggiemarilyn.com": "Maggie Marilyn", "maidenform.com": "Maidenform", "maisonmargiela.com": "Maison Margiela", "us.maje.com": "Maje", "majesticathletic.com": "Majestic", "makiaclothing.com": "Makia", "mamalicious.com": "MAMALICIOUS", "mammut.com": "Mammut", "marahoffman.com": "Mara Hoffman", "marcjacobs.com": "Marc Jacobs", "marciawear.com": "MARCIA", "marc-o-polo.com": "Marco Polo", "marcs.com.au": "Marcs", "us-en.mariejo.com": "Marie Jo", "marimekko.com": "Marimekko", "marineserre.com": "Marine Serre", "marksandspencer.com": "Marks & Spencer", "marliesdekkers.com": "Marlies Dekkers", "marni.com": "Marni", "martinaspetlova.com": "Martina Spetlova", "marvaan.com": "Marvaan", "matalan.co.uk": "Matalan", "maudandmarjorie.com": "Maud & Marjorie", "maurices.com": "Maurices", "maurieandeve.com": "Maurie & Eve", "maxfashion.in": "Max", "us.maxmara.com": "Max Mara", "mayamagal.co.uk": "Maya Magal", "mayamiko.com": "Mayamiko", "metowe.com": "Me to We", "en.meemoza.ca": "Meemoza", "meilirose.com": "Mei-Li Rose", "meliebianco.com": "Melie Bianco", "mellowyellow.com": "Mellow Yellow", "mercadoglobal.org": "Mercado Global", "meshki.com.au": "Meshki", "messika.com": "Messika", "miakodanewyork.com": "Miakoda", "micaelagreg.com": "Micaela Greg", "michelle-oh.com": "Michelle Oh", "midas.com": "Midas", "miik.ca": "Miik", "mimeswim.com": "Mime Swim", "minimumfashion.com": "Minimum", "mintvelvet.co.uk": "Mint Velvet", "miraclesuit.com": "Miraclesuit", "mishanonoo.com": "Misha Nonoo", "miska-paris.com": "Miska Paris", "missetam.nl": "Miss Etam", "us.missselfridge.com": "Miss Selfridge", "teamtimbuktu.com": "Mister Timbuktu", "miumiu.com": "Miu Miu", "mmeasdavik.com": "Mme A-S Davik", "mollini.com.au": "Mollini", "momocobikini.com": "Momoco Bikini", "moncler.com": "Moncler", "monies.dk": "Monies", "moniquepean.com": "Monique Pean", "monkeegenes.com": "Monkee Genes", "uk.monsoon.co.uk": "Monsoon", "morgan-lane.com": "Morgan Lane", "mottandbow.com": "Mott & Bow", "mountainhardwear.com": "Mountain Hardwear", "moynat.com": "Moynat", "mudjeans.eu": "MUD Jeans", "mulberry.com": "Mulberry", "muzungusisters.com": "Muzungu Sisters", "mybeachyside.com": "MY BEACHY SIDE", "nae-vegan.com": "Nae", "naja.co": "Naja", "nakedwardrobe.com": "Naked Wardrobe", "nannacay.com": "Nannacay", "nanushka.com": "Nanushka", "nat-nin.fr": "nat & nin", "natori.com": "Natori", "naturalizer.com": "Naturalizer", "nau.com": "Nau", "nautica.com": "Nautica", "nearlynude.com.au": "Nearly Nude", "nepacrafts.com": "NepaCrafts", "neunomads.com": "Neu Nomads", "neverfullydressed.co.uk": "Never Fully Dressed", "newbalance.com": "New Balance", "neweracap.com": "New Era", "newlook.com": "New Look", "nialaya.com": "Nialaya", "nicholaskirkwood.com": "Nicholas Kirkwood", "nike.com": "Nike", "nililotan.com": "Nili Lotan", "us.nimbleactivewear.com": "Nimble", "ninewest.com": "Nine West", "nisolo.com": "Nisolo", "shopnokaoi.com": "NO KA' OI", "nobodyschild.com": "Nobody's Child", "noctu.co.uk": "Noctu", "nonib.com.au": "Noni B", "noorfares.com": "Noor Fares", "us.nordenproject.com": "Norden", "shop.nordstrom.com": "Nordstrom", "norrona.com": "Norrona", "nubeusa.com": "Nube", "nudiejeans.com": "Nudie Jeans", "o-mighty.com": "O-Mighty", "oakandfort.com": "OAK+FORT", "oakwood.fr": "Oakwood", "oatsthelabel.com": "OATS The Label", "obeyclothing.com": "OBEY", "oddmolly.com": "Odd Molly", "ohsevendays.com": "OhSevenDays", "oiselle.com": "Oiselle", "oldnavy.gap.com": "Old Navy", "oliberte.com": "Oliberte", "onevintagedesigns.com": "One Vintage", "oneill.com": "O'Neill", "organicbyjohnpatrick.com": "Organic by John Patrick", "oseiduro.com": "Osei-duro", "outdoorvoices.com": "Outdoor Voices", "outerknown.com": "Outerknown", "outlanddenim.com": "Outland Denim", "oysho.com": "Oysho", "pjsalvage.com": "P. J. Salvage", "pablo.fr": "Pablo", "pacsun.com": "PacSun", "paige.com": "Paige", "palladiumboots.com": "Palladium", "pamutapparel.com": "Pamut", "panaasheorganics.com": "Panaashe Organics", "panamunaproject.com.au": "Panamuna Project", "pansy.co": "Pansy", "paperlondon.com": "Paper London", "parajumpers.it": "Parajumpers", "parfois.com": "Parfois", "passionlilie.com": "Passion Lilie", "patbo.com": "PatBO", "paulandjoe.com": "Paul & Joe Sister", "paulsmith.com": "Paul Smith", "penelopechilvers.com": "Penelope Chilvers", "peonyandme.com": "Peony", "peopletree.co.uk": "People Tree", "pepejeans.com": "Pepe Jeans", "marinarinaldi.com": "Persona by Marina Rinaldi", "peteralexander.com.au": "Peter Alexander", "pfflyers.com": "PF Flyers", "pgatour.com": "PGA Tour", "phil-and-lui.de": "Phil & Lui", "phoebecoleman.com": "Phoebe Coleman", "pikoclothing.com": "Pico", "picture-organic-clothing.com": "Picture", "pier1.com": "Pier One", "pqswim.com": "Pilyq", "pinko.com": "Pinko", "pippaholt.com": "Pippa Holt", "pippasmall.com": "Pippa Small", "pitusa.co": "PITUSA", "plantfacedclothing.com": "Plant Faced", "pleatspleaseshop.com": "Pleats Please", "pollywales.com": "Polly Wales", "pomellato.com": "Pomellato", "poppybarley.com": "Poppy Barley", "portmans.com.au": "Portmans", "poster-girl.com": "Poster Girl", "prabalgurung.com": "Prabal Gurung", "prada.com": "Prada", "prairieunderground.com": "Prairie Underground", "prana.com": "prAna", "prettylittlething.us": "PrettyLittleThing", "us-en.primadonna.com": "Prima Donna", "princesshighway.com.au": "Princess Highway", "wearproclaim.com": "Proclaim", "promod.eu": "Promod", "puma.com": "Puma", "puralopez.com": "Pura Lopez", "purushapeople.com": "Purusha People", "raen.com": "Raen", "rafausa.com": "RAFA", "rag-bone.com": "rag & bone", "ragwear.com": "ragwear", "ralphlauren.com": "Ralph Lauren", "rapanuiclothing.com": "Rapanui", "rave-review.com": "Rave Review", "ravenandlily.com": "Raven + Lily", "razzamatazz.com.au": "Razzamatazz", "rebeccataylor.com": "Rebecca Taylor", "recreateclothing.co.nz": "ReCreate", "redkap.com": "Red Kap", "reebok.com": "Reebok", "reef.com": "Reef", "thereformation.com": "Reformation", "regatta.com": "Regatta", "reiss.com": "Reiss", "religionclothing.com": "Religion", "rentrayage.com": "Rentrayage", "reserved.com": "Reserved", "reve-en-vert.com": "R.E.V by Reve En Vert", "review-australia.com": "Review", "revolve.com": "REVOLVE", "riannaandnina.com": "RIANNA + NINA", "richandroyal.eu": "Rich & Royal", "ripcurl.com": "Rip Curl", "riverisland.com": "River Island", "rivers.com.au": "Rivers", "rivieras.com": "RIVIERAS", "rockmans.com.au": "Rockmans", "rogervivier.com": "Roger Vivier", "us.rolandmouret.com": "Roland Mouret", "rombautparis.com": "Rombaut", "roots.com": "Roots", "rosamosa.com": "Rosa Mosa", "rosemunde.com": "Rosemunde", "rosieassoulin.com": "Rosie Assoulin", "rubynz.com": "Ruby", "rudyjude.com": "Rudy Jude", "ruifier.com": "Ruifier", "ruthtomlinson.com": "Ruth Tomlinson", "ryan-roche.com": "Ryan Roche", "ryka.com": "Ryka", "saya.pk": "S A Y A", "sagelarock.com": "Sage Larock", "sainttropez.com": "Saint Tropez", "salsajeans.com": "Salsa Jeans", "saltgypsy.com": "Salt Gypsy", "ferragamo.com": "Salvatore Ferragamo", "samedelman.com": "Sam Edelman", "samsoe.com": "Samsoe & Samsoe", "sandqvist.com": "Sandqvist", "santonishoes.com": "Santoni", "sanuk.com": "Sanuk", "sarahsbag.com": "Sarah's Bag", "sassandbide.com": "Sass & Bide", "satomistudio.com": "Satomi Studio", "savetheduckusa.com": "Save The Duck", "schiaparelli.com": "Schiaparelli", "schottnyc.com": "Schott NYC", "scotch-soda.com": "Scotch & Soda", "seasaltcornwall.co.uk": "Seasalt", "see-u-soon.fr": "See U Soon", "seedheritage.com": "Seed Heritage", "seekcollective.com": "Seek Collective", "seidensticker.com": "Seidensticker", "semsem.com": "SemSem", "senorseagull.com": "Senor Seagull", "senso.com.au": "Senso", "sergiorossi.com": "Sergio Rossi", "sevanbicakci.com": "Sevan Bicakci", "shein.com": "SheIn", "sheridan.com.au": "Sheridan", "silkenfavours.com": "Silken Favours", "siloulondon.com": "Silou", "simonmillerusa.com": "Simon Miller", "sisterjane.com": "Sister Jane", "skechers.com": "Skechers", "skiny.com": "Skiny", "slazenger.com": "Slazenger", "smartwool.com": "Smartwool", "soiakyo.com": "SOIA & KYO", "solyoro.com.ar": "Sol Y Oro", "solidandstriped.com": "Solid & Striped", "soliver.eu": "s.Oliver BLACK LABEL", "soma.com": "Soma", "sophiebillebrahe.com": "Sophie Bille Brahe", "sorel.com": "Sorel", "sorellaorganics.com.au": "Sorella Organics", "soulland.com": "Soulland", "spacebetween.ac.nz": "Space Between", "spalding.com": "Spalding", "splendid.com": "Splendid", "myspringfield.com": "Springfield", "springkode.com": "Springkode", "stance.com": "Stance", "staplethelabel.com": "Staple the Label", "starmela.co.uk": "Star Mela", "staud.clothing": "Staud", "stephenwebster.com": "Stephen Webster", "steps.nl": "Steps", "stradivarius.com": "Stradivarius", "studiopia.co.uk": "STUDIO PIA", "study-ny.com": "Study NY", "stussy.com": "Stussy", "subdued.com": "Subdued", "suncoo-paris.com": "Suncoo", "sundried.com": "Sundried", "sundryclothing.com": "Sundry", "susistudio.com": "SUSI Studio", "sussan.com.au": "Sussan", "sustainbykat.com": "Sustain", "suzannegrae.com": "Suzanne Grae", "suzannekalan.com": "Suzanne Kalan", "suzannerae.com": "Suzanne Rae", "svala.co": "Svala", "swedishhasbeens.com": "Swedish Hasbeens", "sweet-pants.com": "Sweet Pants", "tahlo.com.au": "TAHLO", "shoptakara.com": "Takara", "takko.com": "Takko", "tally-weijl.com": "TALLY WEiJL", "tamgadesigns.com": "Tamga Designs", "tarajarmon.com": "Tara Jarmon", "target.com.au": "Target Australia", "tasitravels.com": "Tasi Travels", "tatuum.com": "TATUUM", "tedbaker.com": "Ted Baker", "teeki.com": "Teeki", "temperleylondon.com": "Temperly London", "temt.com.au": "TEMT", "tenthousandthingsnyc.com": "Ten Thousand Things", "tentwelvecollection.com": "TEN TWELVE", "teva.com": "Teva", "tfnclondon.com": "TFNC", "the-acey.com": "The Acey", "thebluesuit.com": "The Blue Suit", "theclassictshirt.com": "The Classic T-Shirt Company", "elder-statesman.com": "The Elder Statesman", "thefable.com.au": "The Fable", "thegivingkeys.com": "The Giving Keys", "herbivoreclothing.com": "The Herbivore Clothing Company", "thekooples.com": "The Kooples", "themnml.com.au": "THE M|N|ML", "thenorthface.com": "The North Face", "thingswelost.com.au": "Things We Lost", "thirdlove.com": "ThirdLove", "thokkthokk.com": "ThokkThokk", "threads4thought.com": "Threads 4 thought", "thunderpants.co.nz": "Thunderpants NZ", "timberland.com": "Timberland", "titaniainglis.com": "Titania Inglis", "tkmaxx.com": "TK Maxx", "toadandco.com": "Toad&Co", "toa.st": "TOAST", "tobi.com": "Tobi", "tomboyx.com": "Tomboyx", "tommy.com": "Tommy Hilfiger", "tonle.com": "tonle", "topshop.com": "Topshop", "torrid.com": "Torrid", "tradlands.com": "Tradlands", "treeoflife.com.au": "Tree of Life", "trenery.com.au": "Trenery", "truedecadence.com": "True Decadence", "tuckerman.co": "Tuckerman & Co", "ugg.com": "UGG", "underarmour.com": "Under Armour", "underprotection.dk": "Underprotection", "unifor.me": "UNIFORME", "uniqlo.com": "Uniqlo", "benetton.com": "United Colors of Benetton", "unitednude.com": "United Nude", "unrobe.com": "Unrobe", "untouchedworld.com": "Untouched World", "urbanoutfitters.com": "Urban Outfitters", "vbytownsley.com": "V By Townsley", "very.co.uk": "V by Very", "vagabond.com": "Vagabond", "valentino.com": "Valentino", "valleygirl.com.au": "Valleygirl", "vanityfairlingerie.com": "Vanity Fair", "vans.com": "Vans", "vatter-fashion.com": "VATTER", "vaude.com": "VAUDE", "veerah.com": "VEERAH", "vegethreads.com": "Vege Threads", "veja-store.com": "Veja", "veronikamaine.com.au": "Veronika Maine", "versace.com": "Versace", "vettacapsule.com": "VETTA", "victoriassecret.com": "Victoria's Secret", "vince.com": "Vince", "vineyardvines.com": "Vineyard Vines", "vitaminaswim.com": "Vitamin A", "viviennewestwood.com": "Vivienne Westwood", "volley.com.au": "Volley", "madebyvoz.com": "VOZ", "vyayama.com": "Vyayama", "wacoal-america.com": "Wacoal", "warners.com": "Warner's", "wearehah.com": "We Are HAH", "we-love.com.au": "We-Love", "we-ar.com": "We'ar", "wearenativ.com": "WeAreNativ", "weekday.com": "Weekday", "wemotoclothing.com": "Wemoto", "wheredoesitcomefrom.co.uk": "Where Does It Come From?", "wheremountainsmeet.com": "Where Mountains Meet", "whimsyandrow.com": "Whimsy + Row", "whistles.com": "Whistles", "whitehouseblackmarket.com": "White House Black Market", "whitestuff.com": "White Stuff", "windenjewelry.com": "Winden", "wish.com": "Wish", "womensecret.com": "Women'Secret", "wearwone.com": "WONE", "woronstore.com": "Woron", "wuxly.com": "Wully Outerwear", "wwake.com": "WWAKE", "yamamay.com": "Yamamay", "yarratrail.com.au": "Yarra Trail", "theshopyohjiyamamoto.com": "Yohji Yamamoto", "yukithreads.com": "Yuki Threads", "zaful.com": "ZAFUL", "zalando.co.uk": "Zalando Essentials", "zanni.la": "Zanni", "zanzan.co.uk": "Zanzan", "zara.com": "Zara", "lvmh.com": "Zenith", "zerowastedaniel.com": "zero waste daniel", "zeusndione.com": "Zeus+Dione", "zilver.com": "Zilver", "zimmermannwear.com": "Zimmermann", "zolaamour.com": "Zola Amour", "zumiez.com": "Zumiez", "makeitgood.com": "Make It Good", "volcom.com": "Volcom", "wrangler.com": "Wrangler", "massimodutti.com": "Massimo Dutti", "onlyjust.com.au": "Only Just", "hamiltonperkins.com": "Hamilton Perkins Collection", "gabrielahearst.com": "Gabriela Hearst", "napapijri.com": "Napapijri", "monki.com": "Monki", "speedousa.com": "Speedo", "bleed-clothing.com": "bleed", "oakley.com": "Oakley", "saucony.com": "Saucony", "article22.com": "Article 22", "oobi.com.au": "Oobi", "mightygoodundies.com.au": "Mighty Good Undies", "cheapmonday.com": "Cheap Monday", "ichcha.com": "Ichcha", "appletrees.se": "APPLETREES", "izzylane.bigcartel.com": "Izzy lane", "toryburch.com": "Tory Burch", "reitmans.com": "Reitmans", "truereligion.com": "True Religion", "jbrandjeans.com": "J Brand", "frenchconnection.com": "French Connection", "gildapearl.co.uk": "GILDA & PEARL", "bikbok.com": "Bik Bok", "osklen.com": "Osklen", "witchery.com.au": "Witchery", "primark.com": "PRIMARK", "filippa-k.com": "Filippa K", "onitsukatiger.com": "Onitsuka Tiger", "quizclothing.co.uk": "Quiz", "louisvuitton.com": "Louis Vuitton", "malaikanewyork.com": "Malaika New York", "angelaroi.com": "Angela Roi", "karenneuburger.com": "Karen Neuburger", "landsend.com": "Lands' End", "luckybrand.com": "Lucky Brand", "aldi.us": "Aldi", "freepeople.com": "Free People", "milonicki.com": "milo+nicki", "alloracapes.com.au": "Allora Capes", "lee.com": "Lee", "merrell.com": "Merrell", "dolcegabbana.com": "Dolce & Gabbana", "rothys.com": "Rothy's", "vautecouture.com": "Vaute", "garymash.com": "GARY MASH", "fila.com": "Fila", "russellathletic.com": "Russell Athletic", "tentree.com": "Tentree", "modcloth.com": "Modcloth", "lesrecuperables.com": "Les Recuperables", "dickies.com": "Dickies", "jack-wolfskin.com": "Jack Wolfskin", "rains.com": "Rains", "melissajoymanning.com": "Melissa Joy Manning", "michaelkors.com": "Michael Kors", "superdry.com": "Superdry", "fatface.com": "FatFace", "pourlesfemmes.com": "Pour Les Femmes", "rmwilliams.com": "R.M. Williams", "hannaandersson.com": "Hanna Andersson", "noisymay.com": "Noisy may", "shoppurnama.com": "Purnama", "mango.com": "Mango", "dedicatedbrand.com": "Dedicated", "beekeeperparade.com": "BeeKeeper Parade", "knownsupply.com": "Known Supply", "katherinehooker.com": "Katherine Hooker", "everlane.com": "Everlane", "manningcartell.com.au": "Manning Cartell", "grammarnyc.com": "GRAMMAR", "abercrombie.com": "Abercrombie & Fitch", "talbots.com": "Talbots", "korijock.com": "La Vie en Orange", "designersremix.com": "Designers Remix"}